time,icao24,lat,lon,velocity,heading,vertrate,callsign,onground,alert,spi,squawk,baroaltitude,geoaltitude,lastposupdate,lastcontact
1656331210,c1e865,43.69457244873047,-79.63155702103018,,,,SAF208  ,True,False,False,,,,1656331207.929,1656331209.109
1656331210,c01e28,43.76165771484375,-79.53673606695128,89.15924529378898,226.63657704161673,-4.22656,ACA401  ,False,False,False,1076,731.52,723.9,1656331209.53,1656331209.968
1656331210,c04167,43.89098603846663,-79.4518824986049,89.17853724712467,326.76828893202065,8.45312,CFYTY   ,False,False,False,6353,5143.5,5227.32,1656331209.931,1656331209.968
1656331210,aa395b,42.993924415717686,-79.03204781668529,212.6801341361019,323.65675409661463,-0.65024,SKW3017 ,False,False,False,1150,10980.42,11369.04,1656331209.846,1656331209.982
1656331210,78149e,43.68783207262977,-79.64427403041293,69.48803651411026,225.89985971490438,-0.65024,CSN5051 ,False,False,False,4153,137.16,137.16,1656331209.643,1656331209.903
1656331210,c1e95a,43.686342401019594,-79.6230697631836,,,,SWP269  ,True,False,False,,,,1656331209.678,1656331209.678
1656331210,c07eda,43.887725830078125,-79.87399079078847,158.77662136979723,127.76101095215213,-6.827520000000001,WJA520  ,False,False,False,7165,2750.82,2781.3,1656331209.904,1656331209.969
1656331210,a162fc,43.602630615234375,-79.27300031795056,243.04961088108445,46.20063398152505,-13.329920000000001,N189K   ,False,False,False,6640,5425.4400000000005,5516.88,1656331210.0,1656331210.0
1656331210,c063c3,43.78424175715042,-80.17828805106029,91.09291154601516,178.38190546726256,-2.60096,CGLUG   ,False,False,False,0654,1394.46,1386.8400000000001,1656331209.565,1656331209.968
1656331210,c0371f,43.544403076171875,-79.76118930550507,128.71076344279135,252.79625007272,1.30048,WJA701  ,False,False,False,2244,2103.12,2110.74,1656331209.678,1656331209.918
1656331210,c060b3,43.27716064453125,-79.08316678779067,126.7465156964259,342.5211179304797,-5.20192,POE118  ,False,False,False,4361,2019.3000000000002,2042.16,1656331209.565,1656331209.997
1656331210,c082c8,43.69404602050781,-79.64008420012715,7.365717139076141,65.22485943116808,0.0,RAG200  ,False,False,False,6337,144.78,137.16,1656331207.979,1656331209.178
1656331210,a70812,43.66557312011719,-79.61140477380087,79.33120143332054,226.57655005518373,0.0,JIA5117 ,False,False,False,0546,144.78,129.54,1656331208.4,1656331209.968
1656331210,c08048,43.631103515625,-79.72222616506173,105.00834153985788,181.96526057192054,4.55168,HRT119  ,False,False,False,6320,1402.0800000000002,1394.4600000000003,1656331209.881,1656331209.903
1656331210,c06973,43.90178615764036,-80.31404767717635,51.34656260600929,24.253919724316592,0.97536,CGNYG   ,False,False,False,1200,883.9200000000001,883.9200000000001,1656331209.968,1656331209.968
1656331210,a6f280,43.80025572695974,-79.43043300083707,82.53740562066254,253.71122596994053,1.30048,LXJ547  ,False,False,False,4123,891.5400000000001,883.9200000000001,1656331209.62,1656331209.972
1656331210,ac71e7,43.679464307882014,-79.59714072091236,,,,AAL1746 ,True,False,False,2237,,,1656331209.968,1656331209.968
1656331210,a1094c,43.169952392578125,-79.12921994231465,165.6709374485019,309.0765985223856,-8.128,EDV4942 ,False,False,False,7135,4831.08,4930.14,1656331209.678,1656331209.997
1656331210,c01d3c,43.68185806274414,-79.62500993595569,,,,WSW748  ,True,False,False,0533,,,1656331209.903,1656331209.903
1656331210,c040c5,43.67265701293945,-79.61383198582848,,,,ROU1790 ,True,False,False,2231,,,1656331209.437,1656331209.437
1656331210,a3183d,43.28507995605469,-79.10373421602469,267.52868708425143,90.66107581158543,0.0,EDV5130 ,False,False,False,6257,10668.0,11056.62,1656331210.0,1656331210.0
1656331210,a73db7,43.13067626953125,-79.54676428506536,123.30032554992513,274.3070321860023,-0.32512,N566FF  ,False,False,False,3413,9144.0,9441.18,1656331209.968,1656331209.968
1656331210,c0636a,43.640716552734375,-79.29899703624636,70.28141055922472,252.09555249375177,5.8521600000000005,POE532  ,False,False,False,5537,457.20000000000005,441.96000000000004,1656331209.845,1656331209.888
1656331220,c0636a,43.63911437988281,-79.30691741233647,66.01140461105369,255.09734576096886,-2.9260800000000002,POE532  ,False,False,False,5537,449.58000000000004,441.96000000000004,1656331219.764,1656331219.996
1656331220,a73db7,43.131500244140625,-79.56183854923688,123.30032554992513,274.3070321860023,0.0,N566FF  ,False,False,False,3413,9144.0,9441.18,1656331219.976,1656331219.993
1656331220,c040c5,43.672143968485166,-79.61316244942799,,,,ROU1790 ,True,False,False,2231,144.78,,1656331218.436,1656331219.798
1656331220,a3183d,43.284759521484375,-79.07013649164242,268.0430969078552,90.65980706434596,-0.65024,EDV5130 ,False,False,False,6257,10675.62,11064.240000000002,1656331219.977,1656331219.984
1656331220,c07eda,43.881116964049255,-79.85648018973217,160.49086307532028,111.63088683651793,-4.55168,WJA520  ,False,False,False,7165,2689.86,2712.7200000000003,1656331219.872,1656331219.977
1656331220,c1e865,43.6943377478648,-79.63176727294922,,,,SAF208  ,True,False,False,,,,1656331218.435,1656331219.184
1656331220,c1e95a,43.68650436401367,-79.6230617789335,,,,SWP269  ,True,False,False,,,,1656331217.835,1656331217.835
1656331220,aa395b,43.00863492286811,-79.04774257114957,212.74918542261074,321.5782015455268,0.0,SKW3017 ,False,True,False,1150,10972.800000000001,11353.800000000001,1656331219.639,1656331219.888
1656331220,78149e,43.684364318847656,-79.64925011923145,50.948140167879416,226.63657704161673,0.0,CSN5051 ,True,False,False,4153,,,1656331219.54,1656331219.856
1656331220,c01e28,43.75602722167969,-79.54491193904431,88.41405265448492,226.17875916991122,-5.20192,ACA401  ,False,False,False,1076,685.8000000000001,685.8000000000001,1656331219.872,1656331219.996
1656331220,c04167,43.897613525390625,-79.45791555005451,89.46150098059933,326.49269351131,5.8521600000000005,CFYTY   ,False,False,False,6353,5212.08,5295.9,1656331219.749,1656331219.996
1656331220,a6f280,43.798160876257946,-79.44050380161832,83.38437427156838,254.24882633654695,0.0,LXJ547  ,False,False,False,4123,891.5400000000001,883.9200000000001,1656331219.865,1656331219.996
1656331220,c06973,43.90576171875,-80.31120832576306,50.66685802987195,29.167613379577794,2.27584,CGNYG   ,False,False,False,1200,891.5400000000001,891.5400000000001,1656331219.798,1656331219.914
1656331220,c08048,43.62117004394531,-79.71986282703489,117.28533456746361,165.78089828212597,4.55168,HRT119  ,False,False,False,6320,1440.18,1432.5600000000002,1656331219.872,1656331219.977
1656331220,c082c8,43.694349385924255,-79.6392386300223,8.052322282318313,63.43494882292201,0.0,RAG200  ,False,False,False,6337,144.78,137.16,1656331218.461,1656331219.29
1656331220,a70812,43.65953063964844,-79.62002776389897,85.861304655895,225.97102193107918,13.329920000000001,JIA5117 ,False,False,False,0546,220.98000000000002,198.12,1656331219.679,1656331219.889
1656331220,a1094c,43.17920232223252,-79.14472307477678,163.10065502699302,309.11139125395437,-7.80288,EDV4942 ,False,False,False,7135,4754.88,4846.32,1656331219.569,1656331219.976
1656331220,c07f2e,43.68863296508789,-79.6389983421148,,,,,True,False,False,3414,144.78,,1656331218.938,1656331219.68
1656331220,c01d3c,43.68149185180664,-79.62470653445223,,,,WSW748  ,True,False,False,0533,,,1656331219.872,1656331219.872
1656331220,ac71e7,43.678951263427734,-79.59647422613102,,,,AAL1746 ,True,False,False,2237,,,1656331219.976,1656331219.976
1656331220,a162fc,43.61773681640625,-79.25147477970563,241.21060766973727,45.95052149970131,-13.004800000000001,N189K   ,False,False,False,6640,5295.900000000001,5379.72,1656331219.996,1656331219.996
1656331220,c063c3,43.77589416503906,-80.17796716024708,92.12139385547191,178.39997528485225,-2.27584,CGLUG   ,False,False,False,0654,1371.6000000000001,1363.9800000000002,1656331219.64,1656331219.872
1656331220,c060b3,43.2879638671875,-79.08763796784154,126.63684580375909,343.4791078109965,-5.52704,POE118  ,False,False,False,4361,1965.96,1988.82,1656331219.54,1656331219.977
1656331220,c0371f,43.54270935058594,-79.77696618368458,127.73137939040716,267.2297842027998,0.0,WJA701  ,False,False,False,2244,2103.12,2110.74,1656331219.764,1656331219.968
1656331230,c063c3,43.767425537109375,-80.17764779024344,92.65135011782233,178.09084756700364,-2.27584,CGLUG   ,False,False,False,0654,1348.74,1341.1200000000001,1656331229.867,1656331229.867
1656331230,c060b3,43.297576904296875,-79.09166202988735,133.31645290393212,320.1661207185792,-6.1772800000000005,POE118  ,False,False,False,4361,1920.24,1973.58,1656331228.36,1656331229.948
1656331230,c0371f,43.54243469238281,-79.79255143986188,127.598705888605,269.07595464722726,4.8768,WJA701  ,False,False,False,2244,2141.2200000000003,2148.84,1656331229.719,1656331229.926
1656331230,c05bd5,43.68006134033203,-79.61900577988735,,,,,True,False,False,,,,1656331229.667,1656331229.667
1656331230,a162fc,43.630805581302965,-79.23287527901789,239.38622160031758,45.870689498434366,-12.679680000000001,N189K   ,False,False,False,6640,5173.9800000000005,5250.18,1656331229.011,1656331229.979
1656331230,c07eda,43.87785830740201,-79.837646484375,159.1395740848619,97.05609603790103,-3.90144,WJA520  ,False,False,False,7165,2651.76,2674.6200000000003,1656331229.803,1656331229.978
1656331230,a73db7,43.13218688964844,-79.57448560138079,123.30032554992513,274.3070321860023,0.32512,N566FF  ,False,False,False,3413,9144.0,9441.18,1656331228.445,1656331229.955
1656331230,c040c5,43.67160415649414,-79.61245869481286,,,,ROU1790 ,True,False,False,2231,,,1656331229.758,1656331229.758
1656331230,a3183d,43.28453063964844,-79.04177643531972,268.0430969078552,90.65980706434596,0.0,EDV5130 ,False,False,False,6257,10668.0,11056.62,1656331228.892,1656331229.955
1656331230,c0636a,43.63774186473782,-79.31474958147322,64.78318757855844,257.61924307119284,-4.22656,POE532  ,False,False,False,5537,426.72,419.1,1656331229.724,1656331229.979
1656331230,c1e7e3,43.66832668498411,-79.60408891950334,,,,,True,False,False,,,,1656331227.319,1656331227.319
1656331230,c1e95a,43.68680191040039,-79.62328533793607,,,,SWP269  ,True,False,False,,,,1656331228.624,1656331228.624
1656331230,78149e,43.68225860595703,-79.65231607126634,50.948140167879416,226.63657704161673,0.0,CSN5051 ,True,False,False,4153,,,1656331229.979,1656331229.979
1656331230,c04167,43.90342712402344,-79.46315321811409,85.46895266359518,326.78818329910763,9.10336,CFYTY   ,False,False,False,6353,5265.42,5303.52,1656331228.256,1656331229.948
1656331230,aa395b,43.0220947265625,-79.06189674554867,212.1630923934873,322.6855271483816,-0.97536,SKW3017 ,False,True,False,1150,10972.800000000001,11353.800000000001,1656331228.581,1656331229.999
1656331230,c038ac,43.67961502075195,-79.61788798487464,,,,ACA185  ,True,False,False,,,,1656331229.667,1656331229.667
1656331230,c01e28,43.75067138671875,-79.55276844113371,87.6866742115825,226.1885386092088,-4.22656,ACA401  ,False,False,False,1076,640.08,624.84,1656331229.724,1656331229.941
1656331230,c1e865,43.69405843443789,-79.63212694440568,,,,SAF208  ,True,False,False,,,,1656331227.704,1656331227.704
1656331230,c06973,43.90970003806938,-80.3082275390625,51.700982140319155,31.159304508344373,-1.6256000000000002,CGNYG   ,False,False,False,1200,899.1600000000001,891.5400000000001,1656331229.519,1656331229.724
1656331230,a6f280,43.796173095703125,-79.45025066996726,83.87961698518038,254.34421804115004,-0.32512,LXJ547  ,False,False,False,4123,891.5400000000001,883.9200000000001,1656331229.549,1656331229.802
1656331230,c08048,43.61078811904131,-79.71594674246654,122.95642089534813,164.21924669048462,3.5763200000000004,HRT119  ,False,False,False,6320,1478.28,1478.28,1656331229.812,1656331229.948
1656331230,a1094c,43.187164306640625,-79.15815486464385,200.22184272359965,306.9582261157156,-7.152640000000001,EDV4942 ,False,False,False,7135,4678.68,4876.8,1656331228.276,1656331229.949
1656331230,c07f2e,43.689205169677734,-79.63816798010538,,,,WEN3218 ,True,False,False,3414,,,1656331227.525,1656331229.812
1656331230,ac71e7,43.67830050193657,-79.59614345005582,,,,AAL1746 ,True,False,False,2237,,,1656331229.643,1656331229.643
1656331230,c01d3c,43.681256569038,-79.6244103567941,,,,WSW748  ,True,False,False,0533,,,1656331227.016,1656331227.016
1656331230,a70812,43.65403514797404,-79.62746756417414,87.30707316349044,224.52254622269044,13.655040000000001,JIA5117 ,False,False,False,0546,358.14000000000004,350.52000000000004,1656331229.423,1656331229.868
1656331230,c082c8,43.6947218038268,-79.63812691824779,8.98437821368179,66.37062226934319,-0.32512,RAG200  ,False,False,False,6337,152.4,137.16,1656331229.644,1656331229.978
1656331240,a70812,43.648169566009,-79.63518415178572,88.41405265448492,223.82124083008875,14.305280000000002,JIA5117 ,False,False,False,0546,495.3,495.3,1656331239.645,1656331239.998
1656331240,c08048,43.59998799986758,-79.71097673688615,129.36297653562508,157.3100270667433,5.8521600000000005,HRT119  ,False,False,False,6320,1516.38,1524.0,1656331239.814,1656331239.968
1656331240,a6f280,43.79411083156779,-79.46031842912947,83.38437427156838,254.24882633654695,-0.32512,LXJ547  ,False,False,False,4123,891.5400000000001,883.9200000000001,1656331239.578,1656331239.998
1656331240,c07f2e,43.689754486083984,-79.63736955509631,,,,WEN3218 ,True,False,False,3414,144.78,,1656331237.274,1656331239.697
1656331240,ac71e7,43.67753219604492,-79.59655406863192,,,,AAL1746 ,True,False,False,2237,,,1656331239.763,1656331239.763
1656331240,a1094c,43.19728088378906,-79.17527309683862,158.83744878187537,308.68878942486737,-8.45312,EDV4942 ,False,False,False,7135,4602.4800000000005,4686.3,1656331239.588,1656331239.988
1656331240,c082c8,43.694768356064614,-79.63799612862726,0.0,0.0,0.0,RAG200  ,False,False,False,6337,144.78,137.16,1656331239.763,1656331239.923
1656331240,c1e7e7,43.66703796386719,-79.62301387343297,,,,,True,False,False,,,,1656331239.185,1656331239.185
1656331240,c01d3c,43.68097686767578,-79.6240358574446,,,,WSW748  ,True,False,False,0533,152.4,,1656331234.924,1656331238.508
1656331240,c06973,43.91290283203125,-80.30520416969472,53.93817156793552,32.93223104134667,-0.32512,CGNYG   ,False,False,False,1200,891.5400000000001,883.9200000000001,1656331237.879,1656331239.198
1656331240,c07eda,43.87742614746094,-79.81771779614826,156.93577769274057,88.87301527452209,-6.1772800000000005,WJA520  ,False,False,False,7165,2613.6600000000003,2644.1400000000003,1656331239.931,1656331239.999
1656331240,c05bd5,43.68000411987305,-79.61916546488919,,,,ACA604  ,True,False,False,,,,1656331234.74,1656331234.74
1656331240,a162fc,43.64735412597656,-79.20938181322674,237.21614746347447,46.054404503521845,-12.679680000000001,N189K   ,False,False,False,6640,5052.06,5120.64,1656331239.985,1656331239.999
1656331240,c0371f,43.54244943392479,-79.80861118861606,128.32877502967423,273.4473868518652,9.10336,WJA701  ,False,False,False,2244,2209.8,2217.42,1656331239.814,1656331239.968
1656331240,c060b3,43.30975341796875,-79.09709131994913,125.42836815884004,341.34211152588045,-5.20192,POE118  ,False,False,False,4361,1866.9,1889.76,1656331239.644,1656331239.999
1656331240,c063c3,43.75924320544227,-80.17730712890625,92.63563838898504,178.4088597288054,-2.60096,CGLUG   ,False,False,False,0654,1325.88,1318.2600000000002,1656331239.645,1656331239.998
1656331240,c04167,43.9112548828125,-79.47037098019621,90.88785679738503,326.30993247402023,4.8768,CFYTY   ,False,False,False,6353,5318.76,5410.2,1656331239.895,1656331239.998
1656331240,c1e865,43.69442367553711,-79.63165283203125,,,,SAF208  ,True,False,False,,,,1656331239.697,1656331239.697
1656331240,78149e,43.68117141723633,-79.65378517328304,50.948140167879416,226.63657704161673,0.0,CSN5051 ,True,False,False,4153,,,1656331239.644,1656331239.644
1656331240,c1e95a,43.68708723682468,-79.62339673723494,,,,SWP269  ,True,False,False,,,,1656331237.003,1656331238.323
1656331240,aa395b,43.03898620605469,-79.07952596974923,210.0960575619564,321.362102176778,0.0,SKW3017 ,False,False,False,1150,10965.18,11346.18,1656331239.746,1656331239.968
1656331240,c038ac,43.67961502075195,-79.61788798487464,,,,ACA185  ,True,False,False,,,,1656331229.667,1656331238.923
1656331240,c01e28,43.74523098185911,-79.56076485770092,88.07966377372648,226.89338584574625,-4.55168,ACA401  ,False,False,False,1076,594.36,579.12,1656331239.578,1656331239.999
1656331240,a73db7,43.13310241699219,-79.59166770757628,123.30032554992513,274.3070321860023,0.0,N566FF  ,False,False,False,3413,9144.0,9441.18,1656331239.764,1656331239.988
1656331240,c040c5,43.67137585656118,-79.6118382045201,,,,ROU1790 ,True,False,False,2231,,,1656331239.999,1656331239.999
1656331240,a3183d,43.28417761851165,-79.00582449776789,268.5639122747535,90.76828815723471,-0.32512,EDV5130 ,False,False,False,6257,10668.0,11056.62,1656331239.985,1656331239.985
1656331240,c0636a,43.636671163268005,-79.3224661690848,63.44160451864603,261.6070748126075,-3.2512000000000003,POE532  ,False,False,False,5537,396.24,388.62,1656331239.578,1656331239.999
1656331240,c1e7e3,43.668331146240234,-79.60409120071768,,,,RED3    ,True,False,False,,,,1656331235.785,1656331238.039
1656331250,c1e7e3,43.66832668498411,-79.60408891950334,,,,RED3    ,True,False,False,,,,1656331242.895,1656331242.895
1656331250,c07eda,43.8775634765625,-79.79849172192951,155.3654948765532,90.37943670141898,-5.52704,WJA520  ,False,False,False,7165,2545.08,2567.94,1656331249.997,1656331250.0
1656331250,c07f2e,43.6900749206543,-79.63690646859101,,,,WEN3218 ,True,False,False,3414,144.78,,1656331243.559,1656331245.784
1656331250,c08048,43.589746507547666,-79.70312935965404,135.2948598217665,147.57893523749306,6.1772800000000005,HRT119  ,False,False,False,6320,1577.3400000000001,1584.96,1656331249.569,1656331249.997
1656331250,a6f280,43.79206253310381,-79.47045462472101,82.61432474328107,254.838757421862,0.0,LXJ547  ,False,False,False,4123,891.5400000000001,883.9200000000001,1656331249.802,1656331250.0
1656331250,a70812,43.64249019299523,-79.64270455496654,91.34097729667884,223.40252380275436,11.3792,JIA5117 ,False,False,False,0546,632.46,624.84,1656331249.413,1656331249.918
1656331250,a1094c,43.20624917240466,-79.19049944196428,156.58884407725347,308.8655900560761,-8.128,EDV4942 ,False,False,False,7135,4526.280000000001,4617.72,1656331249.972,1656331249.972
1656331250,c082c8,43.694768356064614,-79.63799612862726,0.0,0.0,0.0,RAG200  ,False,False,False,6337,144.78,137.16,1656331248.84,1656331249.917
1656331250,c06973,43.917572021484375,-80.30079686364462,52.847698107601694,31.059408829709984,-1.30048,CGNYG   ,False,False,False,1200,891.5400000000001,883.9200000000001,1656331249.291,1656331249.454
1656331250,c1e7e7,43.66703796386719,-79.62301387343297,,,,,True,False,False,,,,1656331239.185,1656331239.185
1656331250,ac71e7,43.67705522957495,-79.59681374686107,,,,AAL1746 ,True,False,False,2237,,,1656331249.639,1656331249.64
1656331250,c01d3c,43.68053500935183,-79.62347848074779,,,,WSW748  ,True,False,False,0533,,,1656331245.482,1656331245.482
1656331250,a73db7,43.13397216796875,-79.6067419717478,123.30032554992513,274.3070321860023,0.0,N566FF  ,False,False,False,3413,9144.0,9441.18,1656331249.74,1656331249.972
1656331250,c040c5,43.67168426513672,-79.61127702579944,,,,ROU1790 ,True,False,False,2231,144.78,,1656331248.837,1656331248.959
1656331250,c0636a,43.636345297603285,-79.33037894112726,61.7525686366213,271.4320961841646,-3.2512000000000003,POE532  ,False,False,False,5537,358.14000000000004,350.52000000000004,1656331249.791,1656331249.984
1656331250,a3183d,43.28385175284693,-78.9721461704799,268.57967879281904,90.98776039963982,0.32512,EDV5130 ,False,False,False,6257,10668.0,11056.62,1656331249.997,1656331249.997
1656331250,c063c3,43.75080871582031,-80.17694517623545,93.14988512528019,178.41764607738142,-2.60096,CGLUG   ,False,False,False,0654,1303.02,1295.4,1656331249.74,1656331249.918
1656331250,a162fc,43.66204833984375,-79.18823951898617,235.4203891674927,46.32810318628705,-12.679680000000001,N189K   ,False,False,False,6640,4937.76,4998.72,1656331249.997,1656331249.997
1656331250,c0371f,43.545501708984375,-79.8241051962209,129.99257813557512,297.07208023799274,14.955520000000002,WJA701  ,False,False,False,2244,2324.1,2331.72,1656331249.973,1656331250.0
1656331250,c05bd5,43.67988967895508,-79.61970839389534,,,,ACA604  ,True,False,False,,,,1656331248.972,1656331248.972
1656331250,c060b3,43.32069396972656,-79.10232898800871,124.47525124604938,340.44174846300257,-4.8768,POE118  ,False,False,False,4361,1821.18,1836.42,1656331249.879,1656331249.984
1656331250,c1e805,43.67721176147461,-79.6542801967887,,,,,True,False,False,,,,1656331249.568,1656331249.568
1656331250,c01e28,43.73983092227224,-79.56861223493303,85.13387634495739,225.9793196543395,-4.55168,ACA401  ,False,False,False,1076,541.02,541.02,1656331249.74,1656331249.997
1656331250,c04167,43.9178466796875,-79.47647094726562,91.60137338903212,326.2206867837152,4.8768,CFYTY   ,False,False,False,6353,5364.4800000000005,5455.92,1656331249.886,1656331249.984
1656331250,78149e,43.679901123046875,-79.65456762979198,50.948140167879416,226.63657704161673,0.0,CSN5051 ,True,False,False,4153,,,1656331249.638,1656331249.879
1656331250,c038ac,43.67961502075195,-79.61788798487464,,,,ACA185  ,True,False,False,,,,1656331249.578,1656331249.578
1656331250,aa395b,43.05244057865466,-79.09600394112726,205.17610754214775,315.6095065766752,0.32512,SKW3017 ,False,False,False,1150,10972.800000000001,11353.800000000001,1656331249.662,1656331249.903
1656331250,c1e865,43.69515609741211,-79.63152508402982,,,,SAF208  ,True,False,False,,,,1656331247.488,1656331249.34
1656331250,c1e95a,43.68708723682468,-79.62339673723494,,,,SWP269  ,True,False,False,,,,1656331237.003,1656331238.323
1656331260,c1e865,43.69610595703125,-79.6325790050418,,,,SAF208  ,True,False,False,,,,1656331259.312,1656331259.312
1656331260,c1e95a,43.68708723682468,-79.62339673723494,,,,SWP269  ,True,False,False,,,,1656331237.003,1656331238.323
1656331260,c1e805,43.67641513630495,-79.65544019426619,,,,,True,False,False,,,,1656331259.535,1656331259.535
1656331260,aa395b,43.06512451171875,-79.1147844181504,200.4385002088932,310.1068277548617,0.0,SKW3017 ,False,False,False,1150,10972.800000000001,11353.800000000001,1656331259.767,1656331259.992
1656331260,c038ac,43.67961502075195,-79.61787201637446,,,,ACA185  ,True,False,False,,,,1656331259.57,1656331259.57
1656331260,78149e,43.67911148071289,-79.65488699979562,50.948140167879416,226.63657704161673,0.0,CSN5051 ,True,False,False,4153,,,1656331259.718,1656331259.718
1656331260,c04167,43.92485046386719,-79.48295415833934,92.74271101773982,326.30993247402023,4.8768,CFYTY   ,False,False,False,6353,5417.820000000001,5509.26,1656331259.717,1656331259.976
1656331260,c01e28,43.73478698730469,-79.57595470339749,83.36691606231153,227.25064089703753,-4.8768,ACA401  ,False,False,False,1076,502.92,502.92,1656331259.508,1656331259.992
1656331260,c07eda,43.8772996805482,-79.77937970842635,153.87380370177453,91.53263179035798,-7.477760000000001,WJA520  ,False,False,False,7165,2476.5,2499.36,1656331259.976,1656331259.988
1656331260,c1e7e3,43.66832668498411,-79.60408891950334,,,,RED3    ,True,False,False,,,,1656331242.895,1656331242.895
1656331260,c0371f,43.5532030008607,-79.83594621930803,133.24496848132227,322.6876726961165,19.182080000000003,WJA701  ,False,False,False,2244,2506.98,2514.6,1656331259.838,1656331259.977
1656331260,c05bd5,43.679848363844016,-79.61989811488559,,,,ACA604  ,True,False,False,,,,1656331255.902,1656331255.902
1656331260,c063c3,43.74234474311441,-80.17658778599332,93.14988512528019,178.41764607738142,-2.60096,CGLUG   ,False,False,False,0654,1272.54,1264.92,1656331259.838,1656331259.977
1656331260,c060b3,43.33131408691406,-79.10756665606829,123.68072591984897,340.05761541830304,-5.20192,POE118  ,False,False,False,4361,1767.8400000000001,1790.7,1656331259.992,1656331259.992
1656331260,a162fc,43.67712505793167,-79.16669573102678,233.2088762034523,45.983138405551074,-12.679680000000001,N189K   ,False,False,False,6640,4808.22,4869.18,1656331259.971,1656331259.976
1656331260,a1094c,43.21504211425781,-79.20548549918237,154.49944735270861,308.51083360407245,-8.128,EDV4942 ,False,False,False,7135,4450.08,4526.28,1656331259.813,1656331259.992
1656331260,c01d3c,43.68010711669922,-79.62290209393166,,,,WSW748  ,True,False,False,0533,144.78,,1656331254.328,1656331257.601
1656331260,c082c8,43.694768356064614,-79.63799612862726,0.0,0.0,0.0,RAG200  ,False,False,False,6337,144.78,137.16,1656331259.839,1656331259.879
1656331260,a70812,43.63609313964844,-79.65100665425143,97.18090898277377,223.06941255883302,11.05408,JIA5117 ,False,False,False,0546,731.52,731.52,1656331259.767,1656331259.976
1656331260,c06973,43.91807556152344,-80.30041361964027,52.473288000000004,28.072486935852954,-1.30048,CGNYG   ,False,False,False,1200,876.3000000000001,876.3000000000001,1656331250.697,1656331258.577
1656331260,ac71e7,43.67663625943459,-79.5970262799944,,,,AAL1746 ,True,False,False,2237,,,1656331259.62,1656331259.838
1656331260,a6f280,43.79017639160156,-79.48007982830666,82.61432474328107,254.838757421862,0.0,LXJ547  ,False,False,False,4123,891.5400000000001,883.9200000000001,1656331259.536,1656331259.988
1656331260,c08048,43.579376220703125,-79.69271637672597,141.64410034368188,141.34019174590992,6.1772800000000005,HRT119  ,False,False,False,6320,1638.3000000000002,1653.5400000000002,1656331259.94,1656331259.988
1656331260,c07f2e,43.690031665866655,-79.6358217511858,,,,WEN3218 ,True,False,False,3414,144.78,,1656331258.579,1656331259.992
1656331260,c1e7e7,43.667046498444115,-79.6230043683733,,,,,True,False,False,,,,1656331254.912,1656331254.912
1656331260,c040c5,43.67216491699219,-79.61059038029163,,,,ROU1790 ,True,False,False,2231,,,1656331259.902,1656331259.902
1656331260,a3183d,43.282362081236755,-78.9385986328125,267.4856512680418,94.96496767084768,0.65024,EDV5130 ,False,False,False,6257,10668.0,11056.62,1656331259.991,1656331259.991
1656331260,a73db7,43.134796142578125,-79.62181623591931,123.30032554992513,274.3070321860023,0.32512,N566FF  ,False,False,False,3413,9144.0,9441.18,1656331259.718,1656331259.987
1656331260,c0636a,43.636688232421875,-79.33783242868822,60.967582994695796,275.3257406247677,-2.27584,POE532  ,False,False,False,5537,335.28000000000003,320.04,1656331259.902,1656331259.92
1656331270,c0636a,43.63741599907309,-79.34528895786832,58.35709067218866,279.13017648227867,-3.5763200000000004,POE532  ,False,False,False,5537,297.18,289.56,1656331269.949,1656331269.949
1656331270,a73db7,43.1356201171875,-79.63695437409154,123.30032554992513,274.3070321860023,-0.32512,N566FF  ,False,False,False,3413,9144.0,9441.18,1656331269.735,1656331269.961
1656331270,a3183d,43.279243081302965,-78.907470703125,265.818247681365,99.24356751081247,0.0,EDV5130 ,False,False,False,6257,10668.0,11056.62,1656331269.961,1656331269.978
1656331270,c040c5,43.672609490863344,-79.6099417550223,,,,ROU1790 ,True,False,False,2231,152.4,,1656331269.451,1656331269.974
1656331270,c066f4,43.681617736816406,-79.61554061534792,,,,ACA402  ,True,False,False,2214,144.78,,1656331268.759,1656331269.973
1656331270,c07eda,43.876922607421875,-79.75978407748909,153.34660105988985,91.34562655657632,-6.502400000000001,WJA520  ,False,False,False,7165,2415.54,2438.4,1656331269.969,1656331269.973
1656331270,c1e805,43.675655364990234,-79.65653175531429,,,,MTC27   ,True,False,False,,,,1656331269.06,1656331269.06
1656331270,c01e28,43.729635982190146,-79.58339146205356,79.33120143332054,226.57655005518373,-4.22656,ACA401  ,False,False,False,1076,457.20000000000005,457.20000000000005,1656331269.662,1656331269.973
1656331270,aa395b,43.07606506347656,-79.134521484375,196.69327540677685,305.3112134396332,0.0,SKW3017 ,False,False,False,1150,10972.800000000001,11353.800000000001,1656331269.975,1656331269.975
1656331270,c038ac,43.67961560265493,-79.61788722446988,,,,ACA185  ,True,False,False,,,,1656331264.653,1656331269.124
1656331270,c1e865,43.69689812094478,-79.63369641985213,,,,SAF208  ,True,False,False,,,,1656331269.732,1656331269.732
1656331270,c1e95a,43.6881812144134,-79.62279183523995,,,,SWP269  ,True,False,False,,,,1656331269.733,1656331269.733
1656331270,78149e,43.67860309148239,-79.65475354875838,50.948140167879416,226.63657704161673,0.0,CSN5051 ,True,False,False,4153,,,1656331269.731,1656331269.973
1656331270,c04167,43.93199157714844,-79.48953318041424,94.59756523809463,326.30993247402023,5.20192,CFYTY   ,False,False,False,6353,5463.54,5554.98,1656331269.973,1656331269.973
1656331270,a6f280,43.7882080078125,-79.49036354242367,83.11097172124508,254.93151184050777,0.32512,LXJ547  ,False,False,False,4123,891.5400000000001,883.9200000000001,1656331269.861,1656331269.968
1656331270,a1094c,43.22370626158633,-79.22038487025668,152.24935197072497,308.69004349113214,-8.128,EDV4942 ,False,False,False,7135,4366.26,4442.46,1656331269.776,1656331269.974
1656331270,c08048,43.56971740722656,-79.68038869458576,149.51215442221493,134.5817900585029,5.8521600000000005,HRT119  ,False,False,False,6320,1691.64,1706.88,1656331269.861,1656331269.973
1656331270,a70812,43.62940979003906,-79.65899090434226,98.93521864631907,220.14888390469844,15.280640000000002,JIA5117 ,False,False,False,0546,868.6800000000001,853.44,1656331269.736,1656331269.894
1656331270,c082c8,43.694768356064614,-79.63799612862726,0.0,0.0,0.0,RAG200  ,False,False,False,6337,144.78,144.78,1656331268.642,1656331269.891
1656331270,c01d3c,43.68010711669922,-79.62290209393166,,,,WSW748  ,True,False,False,0533,144.78,,1656331254.328,1656331257.601
1656331270,c06973,43.91807556152344,-80.30041361964027,52.473288000000004,28.072486935852954,-1.30048,CGNYG   ,False,False,False,1200,876.3000000000001,876.3000000000001,1656331250.697,1656331269.409
1656331270,c1e7e7,43.667046498444115,-79.6230043683733,,,,,True,False,False,,,,1656331264.943,1656331264.943
1656331270,ac71e7,43.67599616616459,-79.5973696027483,,,,AAL1746 ,True,False,False,2237,,,1656331269.975,1656331269.975
1656331270,c07f2e,43.68949631513175,-79.63513510567799,,,,WEN3218 ,True,False,False,3414,144.78,,1656331268.14,1656331269.327
1656331270,c1e7e3,43.66832668498411,-79.60408891950334,,,,RED3    ,True,False,False,,,,1656331267.669,1656331267.902
1656331270,c05bd5,43.67976379394531,-79.62017148040064,,,,ACA604  ,True,False,False,,,,1656331268.74,1656331268.74
1656331270,c060b3,43.34165954589844,-79.11261270212572,123.33359036459102,340.506938088849,-5.52704,POE118  ,False,False,False,4361,1714.5,1729.74,1656331269.891,1656331269.974
1656331270,c0371f,43.5640869140625,-79.84377838844472,138.43228263572686,338.87076688722186,16.90624,WJA701  ,False,False,False,2244,2682.2400000000002,2697.48,1656331269.861,1656331269.974
1656331270,a162fc,43.691602803893005,-79.1460963657924,231.0265994982927,45.99242605307374,-12.354560000000001,N189K   ,False,False,False,6640,4693.92,4747.26,1656331269.973,1656331269.974
1656331270,c063c3,43.73387145996094,-80.17624256222746,93.14988512528019,178.41764607738142,-2.60096,CGLUG   ,False,False,False,0654,1249.68,1242.0600000000002,1656331269.891,1656331269.891
1656331280,c060b3,43.35214388572563,-79.11771501813615,122.84875325570219,340.4268741695898,-4.8768,POE118  ,False,False,False,4361,1661.16,1676.4,1656331279.939,1656331279.939
1656331280,c063c3,43.725860595703125,-80.17598706622454,93.14988512528019,178.41764607738142,-2.9260800000000002,CGLUG   ,False,False,False,0654,1219.2,1219.2000000000003,1656331279.527,1656331279.719
1656331280,c05bd5,43.67962724071438,-79.62037222726002,,,,ACA604  ,True,False,False,,,,1656331277.293,1656331277.293
1656331280,a162fc,43.70521545410156,-79.1266649822856,227.75987758371176,46.09818715074004,-12.354560000000001,N189K   ,False,False,False,6640,4579.62,4632.96,1656331279.934,1656331279.935
1656331280,c0371f,43.575347900390625,-79.84965479651163,139.77075203679817,337.49368826019236,15.60576,WJA701  ,False,False,False,2244,2842.26,2865.1200000000003,1656331279.526,1656331279.934
1656331280,c066f4,43.681617736816406,-79.61554061534792,,,,ACA402  ,True,False,False,2214,144.78,,1656331268.759,1656331275.008
1656331280,c07eda,43.87655484474311,-79.74092755998885,152.33102941503572,91.54815769897799,-6.827520000000001,WJA520  ,False,False,False,7165,2346.96,2369.82,1656331279.843,1656331279.935
1656331280,c0636a,43.63816083487818,-79.35215541294644,58.40695497595334,275.55994726330954,-3.5763200000000004,POE532  ,False,False,False,5537,259.08000000000004,251.46000000000004,1656331279.626,1656331279.932
1656331280,c040c5,43.67306337518207,-79.60928780691967,,,,ROU1790 ,True,False,False,2231,152.4,,1656331278.866,1656331279.43
1656331280,a73db7,43.136467367915785,-79.65218680245539,123.30032554992513,274.3070321860023,0.0,N566FF  ,False,False,False,3413,9144.0,9441.18,1656331279.842,1656331279.96
1656331280,a3183d,43.27500915527344,-78.87493754542152,266.09488469752876,100.24540075655337,0.32512,EDV5130 ,False,False,False,6257,10668.0,11056.62,1656331279.601,1656331279.932
1656331280,c1e7e3,43.66832668498411,-79.60408891950334,,,,RED3    ,True,False,False,,,,1656331267.669,1656331267.902
1656331280,78149e,43.67842852059057,-79.65452466692244,50.948140167879416,226.63657704161673,0.0,CSN5051 ,True,False,False,4153,144.78,,1656331274.075,1656331279.889
1656331280,c1e865,43.697002863479874,-79.63400704520092,,,,SAF208  ,True,False,False,,,,1656331272.118,1656331272.118
1656331280,aa395b,43.08535301079184,-79.1540745326451,195.24556167395608,301.0932090445435,0.0,SKW3017 ,False,False,False,1150,10972.800000000001,11346.18,1656331279.637,1656331279.981
1656331280,c038ac,43.67961502075195,-79.61787201637446,,,,ACA185  ,True,False,False,,,,1656331279.932,1656331279.932
1656331280,c1e95a,43.6881812144134,-79.62279183523995,,,,SWP269  ,True,False,False,,,,1656331269.733,1656331269.733
1656331280,c1e805,43.67481994628906,-79.65774536132812,,,,MTC27   ,True,False,False,,,,1656331279.717,1656331279.717
1656331280,c01e28,43.72484110169491,-79.59038870675226,77.8766951615217,226.60600298928225,-4.22656,ACA401  ,False,False,False,1076,411.48,411.48,1656331279.635,1656331279.935
1656331280,c04167,43.93916760460805,-79.49622017996654,95.59803653488053,325.96787218266167,4.55168,CFYTY   ,False,False,False,6353,5516.88,5608.32,1656331279.94,1656331279.94
1656331280,c08048,43.56056213378906,-79.66729452443673,155.40041105489672,133.25617065509755,6.1772800000000005,HRT119  ,False,False,False,6320,1744.98,1767.84,1656331279.547,1656331279.935
1656331280,c06973,43.930136470471396,-80.29259817940851,50.66685802987195,23.962488974578182,0.32512,CGNYG   ,False,False,False,1200,876.3000000000001,868.6800000000001,1656331279.335,1656331279.335
1656331280,a6f280,43.78504943847656,-79.49962527252904,85.89828461798106,235.73889710090543,0.0,LXJ547  ,False,False,False,4123,891.5400000000001,883.9200000000001,1656331279.717,1656331279.966
1656331280,c1e7e7,43.66703796386719,-79.62301387343297,,,,,True,False,False,,,,1656331270.121,1656331270.121
1656331280,c082c8,43.694768356064614,-79.63799612862726,0.0,0.0,0.0,RAG200  ,False,False,False,6337,152.4,144.78,1656331278.432,1656331279.89
1656331280,a1094c,43.232025146484375,-79.23448429551235,151.4476304096587,308.9333669263949,-7.80288,EDV4942 ,False,False,False,7135,4290.06,4358.64,1656331279.527,1656331279.863
1656331280,ac71e7,43.675357818603516,-79.59763992664426,,,,AAL1746 ,True,False,False,2237,144.78,,1656331279.716,1656331279.771
1656331280,c01d3c,43.678696195958025,-79.62154933384488,,,,WSW748  ,True,False,False,0533,,,1656331277.964,1656331277.964
1656331280,c07f2e,43.68871307373047,-79.63411198105922,,,,WEN3218 ,True,False,False,3414,,,1656331279.843,1656331279.843
1656331280,a70812,43.62236022949219,-79.6671667764353,103.61928953649277,220.57044070102233,7.152640000000001,JIA5117 ,False,False,False,0546,990.6,990.6,1656331279.941,1656331279.941
1656331290,c07f2e,43.68804155769995,-79.6332223074777,,,,WEN3218 ,True,False,False,3414,,,1656331289.673,1656331289.845
1656331290,a6f280,43.78014516022245,-79.50779506138394,85.10122911160944,230.1500823380198,-0.97536,LXJ547  ,False,False,False,4123,891.5400000000001,883.9200000000001,1656331289.608,1656331289.984
1656331290,c082c8,43.694768356064614,-79.63799612862726,0.0,0.0,0.0,RAG200  ,False,False,False,6337,152.4,144.78,1656331289.613,1656331289.845
1656331290,c01d3c,43.67817248328257,-79.62105887276783,,,,WSW748  ,True,False,False,0533,,,1656331286.524,1656331286.524
1656331290,a70812,43.61521911621094,-79.67566201853197,111.65449721386244,220.51539399045535,11.3792,JIA5117 ,False,False,False,0546,1074.42,1074.42,1656331289.608,1656331289.998
1656331290,ac71e7,43.674991607666016,-79.59767186364462,,,,AAL1746 ,True,False,False,2237,144.78,,1656331288.992,1656331289.845
1656331290,a1094c,43.24053955078125,-79.2487920716751,149.60063363129797,308.9982863651736,-7.80288,EDV4942 ,False,False,False,7135,4213.860000000001,4282.4400000000005,1656331289.632,1656331289.955
1656331290,c06973,43.93409729003906,-80.29012990552326,51.075248069819025,26.306963825741803,0.65024,CGNYG   ,False,False,False,1200,876.3000000000001,868.6800000000001,1656331288.46,1656331288.642
1656331290,c1e7e7,43.66703796386719,-79.62301387343297,,,,,True,False,False,,,,1656331280.753,1656331280.753
1656331290,c08048,43.55181884765625,-79.65107052825215,163.57215991846329,120.84014123409446,13.004800000000001,HRT119  ,False,False,False,6320,1828.8000000000002,1859.2800000000002,1656331289.729,1656331289.982
1656331290,c07eda,43.87605285644531,-79.72254553506536,150.88038259833664,92.54046740461035,-7.152640000000001,WJA520  ,False,False,False,7165,2270.76,2293.6200000000003,1656331289.857,1656331289.974
1656331290,c066f4,43.68161734888109,-79.61554936000277,,,,ACA402  ,True,False,False,2214,,,1656331288.691,1656331288.691
1656331290,c0371f,43.587279238943324,-79.8571341378348,139.1948956644839,333.90845688165695,18.20672,WJA701  ,False,False,False,2244,3009.9,3032.76,1656331289.973,1656331289.999
1656331290,c05bd5,43.679386138916016,-79.62071440940679,,,,ACA604  ,True,False,False,,,,1656331289.452,1656331289.452
1656331290,c060b3,43.36244201660156,-79.12283254224201,121.57107416692476,339.954750574579,-4.8768,POE118  ,False,False,False,4361,1607.8200000000002,1623.0600000000002,1656331289.902,1656331289.984
1656331290,a162fc,43.71977233886719,-79.10584205804867,223.02497255456734,46.02803578982402,-12.029440000000001,N189K   ,False,False,False,6640,4457.7,4503.42,1656331289.982,1656331289.982
1656331290,c063c3,43.71711343021716,-80.17560686383928,92.12139385547191,178.39997528485225,-2.27584,CGLUG   ,False,False,False,0654,1196.3400000000001,1188.7200000000003,1656331289.955,1656331289.973
1656331290,aa395b,43.09377896583686,-79.17506626674106,194.8771997329542,297.1738382015974,0.32512,SKW3017 ,False,False,False,1150,10972.800000000001,11346.18,1656331289.613,1656331289.967
1656331290,c1e865,43.69650650024414,-79.6360601380814,,,,SAF208  ,True,False,False,,,,1656331288.918,1656331288.918
1656331290,c01e28,43.71999966896186,-79.59745134626115,76.0699003289648,226.91828032514684,-4.22656,ACA401  ,False,False,False,1076,373.38,373.38,1656331289.901,1656331289.998
1656331290,78149e,43.678504943847656,-79.65370533078215,50.948140167879416,226.63657704161673,0.0,CSN5051 ,True,False,False,4153,144.78,,1656331284.973,1656331289.672
1656331290,c1e95a,43.68830108642578,-79.62239110192587,,,,SWP269  ,True,False,False,,,,1656331283.639,1656331283.639
1656331290,c038ac,43.67961502075195,-79.61787201637446,,,,ACA185  ,True,False,False,,,,1656331284.801,1656331284.801
1656331290,c1e847,43.65931882696636,-79.61723327636719,,,,,True,False,False,,,,1656331289.552,1656331289.552
1656331290,c1e805,43.67408752441406,-79.65879928234011,,,,MTC27   ,True,False,False,,,,1656331289.104,1656331289.104
1656331290,c04167,43.94572448730469,-79.50332996457121,91.7413914859758,317.27244973278295,4.8768,CFYTY   ,False,False,False,6353,5562.6,5661.660000000001,1656331289.903,1656331289.999
1656331290,c0636a,43.63801574707031,-79.35948571493458,56.413188753698364,260.02228737984944,-2.9260800000000002,POE532  ,False,False,False,5537,228.60000000000002,220.98000000000002,1656331289.845,1656331289.845
1656331290,a3183d,43.27063091730667,-78.84233747209822,266.785718263402,100.44319406349696,0.32512,EDV5130 ,False,False,False,6257,10668.0,11056.62,1656331289.673,1656331289.916
1656331290,c040c5,43.67365691621425,-79.6084213256836,,,,ROU1790 ,True,False,False,2231,,,1656331289.694,1656331289.694
1656331290,a73db7,43.13726806640625,-79.6671667764353,123.81332274869965,274.289153328819,0.0,N566FF  ,False,False,False,3413,9144.0,9441.18,1656331289.795,1656331289.982
1656331290,c1e7e3,43.66832668498411,-79.60408891950334,,,,RED3    ,True,False,False,,,,1656331285.482,1656331285.482
1656331300,c1e7e3,43.66832668498411,-79.60408891950334,,,,RED3    ,True,False,False,,,,1656331285.482,1656331285.482
1656331300,c07eda,43.875391038797666,-79.70378330775668,149.9019550553668,92.95077910900635,-7.80288,WJA520  ,False,False,False,7165,2194.56,2209.7999999999997,1656331299.956,1656331299.966
1656331300,c066f4,43.68161734888109,-79.61554936000277,,,,ACA402  ,True,False,False,2214,,,1656331288.691,1656331288.691
1656331300,c082c8,43.694768356064614,-79.63799612862726,0.0,0.0,0.0,RAG200  ,False,False,False,6337,144.78,137.16,1656331299.679,1656331299.909
1656331300,c06973,43.93409729003906,-80.29012990552326,51.30531209715672,26.8219812015815,0.65024,CGNYG   ,False,False,False,1200,876.3000000000001,876.3000000000001,1656331288.46,1656331290.599
1656331300,c07f2e,43.68740146442995,-79.63240487234935,,,,WEN3218 ,True,False,False,3414,,,1656331299.968,1656331299.968
1656331300,c1e7e7,43.66703796386719,-79.62301387343297,,,,,True,False,False,,,,1656331290.867,1656331290.867
1656331300,c01d3c,43.67817248328257,-79.62105887276783,,,,WSW748  ,True,False,False,0533,,,1656331286.524,1656331290.07
1656331300,ac71e7,43.674704341565146,-79.59807259695873,,,,AAL1746 ,True,False,False,2237,,,1656331299.682,1656331299.792
1656331300,a1094c,43.249030678959215,-79.26315307617188,148.0785746885923,309.21938027855464,-7.80288,EDV4942 ,False,False,False,7135,4137.66,4206.24,1656331299.642,1656331299.99
1656331300,a70812,43.6071104922537,-79.68462262834822,118.01417121804484,216.67008754211597,10.07872,JIA5117 ,False,False,False,0546,1196.3400000000001,1196.3400000000001,1656331299.758,1656331299.966
1656331300,a6f280,43.77511751853813,-79.51636178152904,86.29175147933027,230.80672690553158,-3.2512000000000003,LXJ547  ,False,False,False,4123,868.6800000000001,861.0600000000001,1656331299.969,1656331299.969
1656331300,c08048,43.545684814453125,-79.63305806004723,164.1390801912963,110.93436841944273,20.15744,HRT119  ,False,False,False,6320,1996.44,2034.54,1656331299.534,1656331299.957
1656331300,a3183d,43.26612854003906,-78.80908345067223,267.3852074266149,100.53162259118304,-0.32512,EDV5130 ,False,False,False,6257,10668.0,11056.62,1656331299.909,1656331300.0
1656331300,a73db7,43.13809669623941,-79.68246459960938,123.81332274869965,274.289153328819,0.0,N566FF  ,False,False,False,3413,9144.0,9441.18,1656331299.855,1656331299.99
1656331300,c040c5,43.6742039050086,-79.60763658796037,,,,ROU1790 ,True,False,False,2231,,,1656331298.772,1656331298.838
1656331300,c0636a,43.636688232421875,-79.36574536700579,54.33658740334376,251.22196677755446,-5.52704,POE532  ,False,False,False,5537,190.5,182.88,1656331299.462,1656331299.758
1656331300,a162fc,43.73312740002648,-79.08678327287947,218.66048713093755,46.048557756785826,-11.704320000000001,N189K   ,False,False,False,6640,4335.780000000001,4389.120000000001,1656331299.907,1656331299.909
1656331300,c060b3,43.37248721365201,-79.12798200334822,120.78373867575412,339.55820344158343,-5.20192,POE118  ,False,False,False,4361,1562.1000000000001,1577.3400000000001,1656331299.76,1656331299.957
1656331300,c063c3,43.70906066894531,-80.17534832621726,92.10846504101973,178.71986044039508,-1.95072,CGLUG   ,False,False,False,0654,1173.48,1165.8600000000001,1656331299.642,1656331299.841
1656331300,c05bd5,43.67912292480469,-79.62109765341114,,,,ACA604  ,True,False,False,,,,1656331299.421,1656331299.421
1656331300,c0371f,43.59849832825741,-79.86498151506697,141.05337767379487,332.406913033098,11.3792,WJA701  ,False,False,False,2244,3169.92,3192.78,1656331299.908,1656331299.968
1656331300,c038ac,43.67961502075195,-79.61787201637446,,,,ACA185  ,True,False,False,,,,1656331290.037,1656331298.823
1656331300,c1e847,43.659982196355266,-79.61607251848494,,,,BMN74   ,True,False,False,,,,1656331299.909,1656331299.909
1656331300,c1e865,43.69650650024414,-79.6360601380814,,,,SAF208  ,True,False,False,,,,1656331288.918,1656331288.918
1656331300,c04167,43.95113152972722,-79.51041085379467,90.96789767728201,316.3748347805694,5.20192,CFYTY   ,False,False,False,6353,5615.9400000000005,5707.380000000001,1656331299.006,1656331299.966
1656331300,c1e95a,43.68818664550781,-79.62264659792879,,,,SWP269  ,True,False,False,,,,1656331298.74,1656331298.74
1656331300,c01e28,43.71534444518008,-79.60418701171875,75.66700059291517,225.55090397921856,-3.90144,ACA401  ,False,False,False,1076,335.28000000000003,327.66,1656331299.758,1656331299.957
1656331300,aa395b,43.10122732388771,-79.19769287109375,194.6992141404893,292.3636660154735,0.32512,SKW3017 ,False,False,False,1150,10972.800000000001,11346.18,1656331299.967,1656331300.0
1656331300,c1e805,43.673203031895525,-79.66009957449779,,,,MTC27   ,True,False,False,,,,1656331299.792,1656331299.792
1656331300,78149e,43.67896270751953,-79.65305062227469,50.948140167879416,226.63657704161673,0.0,CSN5051 ,True,False,False,4153,144.78,,1656331295.121,1656331299.909
1656331310,c1e805,43.6724931102688,-79.66122763497486,,,,MTC27   ,True,False,False,,,,1656331308.723,1656331308.723
1656331310,c1e865,43.69650650024414,-79.6360601380814,,,,SAF208  ,True,False,False,,,,1656331288.918,1656331288.918
1656331310,c04167,43.957672119140625,-79.51891522074851,91.7413914859758,317.27244973278295,4.8768,CFYTY   ,False,False,False,6353,5661.66,5768.34,1656331309.924,1656331309.993
1656331310,c1e95a,43.6881812144134,-79.62288992745533,,,,SWP269  ,True,False,False,,,,1656331306.208,1656331306.208
1656331310,c01e28,43.71070861816406,-79.61095765579574,74.61566430136524,226.95568139752288,-2.9260800000000002,ACA401  ,False,False,False,1076,297.18,289.56,1656331309.702,1656331309.942
1656331310,aa395b,43.106781005859375,-79.21896291333576,194.26375447899966,287.57125877832243,-0.65024,SKW3017 ,False,False,False,1150,10980.42,11353.8,1656331309.487,1656331309.998
1656331310,c038ac,43.67961560265493,-79.61788722446988,,,,ACA185  ,True,False,False,,,,1656331309.756,1656331309.756
1656331310,c1e847,43.66056409932799,-79.61499350411549,,,,BMN74   ,True,False,False,,,,1656331309.702,1656331309.702
1656331310,78149e,43.67947594594147,-79.6523012433733,50.948140167879416,226.63657704161673,0.0,CSN5051 ,True,False,False,4153,144.78,,1656331305.488,1656331309.644
1656331310,c07eda,43.87477111816406,-79.68549861464385,148.82465700411285,92.57558255631632,-7.477760000000001,WJA520  ,False,False,False,7165,2118.36,2133.6,1656331309.998,1656331309.998
1656331310,c066f4,43.68161734888109,-79.61554936000277,,,,ACA402  ,True,False,False,2214,144.78,,1656331288.691,1656331307.289
1656331310,c1e7e3,43.66832668498411,-79.60408891950334,,,,RED3    ,True,False,False,,,,1656331285.482,1656331285.482
1656331310,c063c3,43.70050048828125,-80.1749650822129,93.16551012994772,178.10138762934116,-2.9260800000000002,CGLUG   ,False,False,False,0654,1143.0,1135.38,1656331309.925,1656331309.925
1656331310,c060b3,43.38254249702066,-79.13314819335938,120.00226460020313,339.1564720975483,-4.8768,POE118  ,False,False,False,4361,1508.76,1524.0,1656331309.644,1656331309.942
1656331310,c0371f,43.61004638671875,-79.87347979878268,147.80576859486413,331.2940474565989,3.5763200000000004,WJA701  ,False,False,False,2244,3238.5,3261.36,1656331309.972,1656331309.998
1656331310,a162fc,43.74713962360964,-79.06664167131697,215.7655656926856,46.25586145977557,-11.05408,N189K   ,False,False,False,6640,4229.1,4267.200000000001,1656331309.983,1656331309.997
1656331310,c05bd5,43.678812576552566,-79.62150028773715,,,,ACA604  ,True,False,False,3276,,,1656331309.487,1656331309.487
1656331310,c082c8,43.694768356064614,-79.63799612862726,0.0,0.0,0.0,RAG200  ,False,False,False,6337,144.78,137.16,1656331309.487,1656331309.983
1656331310,c01d3c,43.6768798828125,-79.6193890238917,,,,WSW748  ,True,False,False,0533,,,1656331309.756,1656331309.756
1656331310,c1e7e7,43.66703796386719,-79.62301387343297,,,,,True,False,False,,,,1656331301.236,1656331301.236
1656331310,a70812,43.59745788574219,-79.6922692587209,124.70360254632325,205.93080646265187,6.827520000000001,JIA5117 ,False,False,False,0546,1272.54,1264.92,1656331309.811,1656331309.998
1656331310,a6f280,43.770172119140625,-79.52460000681322,87.27523886626273,230.02146104220185,-4.55168,LXJ547  ,False,False,False,4123,822.96,815.34,1656331309.868,1656331309.998
1656331310,c07f2e,43.6868777517545,-79.63170187813893,,,,WEN3218 ,True,False,False,3414,,,1656331309.759,1656331309.759
1656331310,ac71e7,43.673784934868245,-79.59942953927174,,,,AAL1746 ,True,False,False,2237,152.4,,1656331308.804,1656331309.925
1656331310,c08048,43.54156494140625,-79.61287387581757,162.5488373844945,102.05676253383264,22.10816,HRT119  ,False,False,False,6320,2209.8,2247.9,1656331309.983,1656331309.983
1656331310,c06973,43.94284523139566,-80.28344290597101,52.77001955437379,29.81416273779868,0.0,CGNYG   ,False,False,False,1200,883.9200000000001,876.3000000000001,1656331309.868,1656331309.924
1656331310,a1094c,43.25733947753906,-79.27702437999636,146.63097982226597,309.1621145477107,-7.80288,EDV4942 ,False,False,False,7135,4061.46,4122.42,1656331309.574,1656331309.998
1656331310,a73db7,43.138934636520126,-79.69757080078125,123.81332274869965,274.289153328819,0.0,N566FF  ,False,False,False,3413,9144.0,9441.18,1656331309.867,1656331309.992
1656331310,c040c5,43.674797446040785,-79.60677010672435,,,,ROU1790 ,True,False,False,2231,152.4,,1656331308.792,1656331309.867
1656331310,c0636a,43.63504183494438,-79.37229701450894,53.19709168132454,251.38983527217266,-4.8768,POE532  ,False,False,False,5537,144.78,152.4,1656331309.907,1656331309.907
1656331320,c040c5,43.675472259521484,-79.60579983023712,,,,ROU1790 ,True,False,False,2231,,,1656331319.927,1656331319.927
1656331320,c0636a,43.633575439453125,-79.37832854514897,51.08301991152207,251.20011484134733,-3.5763200000000004,POE532  ,False,False,False,5537,121.92,106.68,1656331319.769,1656331319.902
1656331320,a73db7,43.139726024563025,-79.71241542271207,123.81332274869965,274.289153328819,-0.32512,N566FF  ,False,False,False,3413,9144.0,9441.18,1656331319.579,1656331319.895
1656331320,c066f4,43.68161734888109,-79.61554936000277,,,,ACA402  ,True,False,False,2214,,,1656331288.691,1656331319.465
1656331320,c07eda,43.87418068061441,-79.66683523995539,146.7689888767228,92.6116813778984,-7.152640000000001,WJA520  ,False,False,False,7165,2042.16,2057.4,1656331319.927,1656331319.983
1656331320,78149e,43.68006134033203,-79.65146974075674,50.948140167879416,226.63657704161673,0.0,CSN5051 ,True,False,False,4153,144.78,,1656331315.774,1656331319.879
1656331320,c04167,43.963623046875,-79.52645235283427,92.1199574101391,317.4895529219991,5.52704,CFYTY   ,False,False,False,6353,5715.0,5829.3,1656331319.848,1656331319.997
1656331320,c01e28,43.70608054985434,-79.61772373744418,75.34277830248938,226.93680038622105,-4.55168,ACA401  ,False,False,False,1076,259.08000000000004,251.46000000000004,1656331319.664,1656331319.981
1656331320,c038ac,43.67961502075195,-79.61788798487464,,,,ACA185  ,True,False,False,,,,1656331319.927,1656331319.927
1656331320,c1e805,43.672428131103516,-79.66143408487011,,,,MTC27   ,True,False,False,,,,1656331310.182,1656331310.182
1656331320,aa395b,43.11140441894531,-79.24291566360824,194.46051248029084,282.5288077091515,0.0,SKW3017 ,False,False,False,1150,10972.800000000001,11346.18,1656331319.869,1656331319.997
1656331320,c1e95a,43.6881812144134,-79.62288992745533,,,,SWP269  ,True,False,False,,,,1656331306.208,1656331306.208
1656331320,c1e865,43.694984436035156,-79.63925383811774,,,,SAF208  ,True,False,False,,,,1656331312.095,1656331312.095
1656331320,c1e847,43.660789489746094,-79.61455056833665,,,,BMN74   ,True,False,False,,,,1656331313.593,1656331313.593
1656331320,c082c8,43.694768356064614,-79.63799612862726,0.0,0.0,0.0,RAG200  ,False,False,False,6337,144.78,137.16,1656331319.768,1656331319.981
1656331320,a6f280,43.765155339645126,-79.5325142996652,87.06879212209573,228.11343874805723,-4.55168,LXJ547  ,False,False,False,4123,777.24,769.62,1656331319.58,1656331319.927
1656331320,c08048,43.539935613082626,-79.5935276576451,163.34143840767283,93.24989829887426,22.7584,HRT119  ,False,False,False,6320,2430.78,2468.88,1656331319.88,1656331319.982
1656331320,a1094c,43.2659912109375,-79.29158765216204,146.30664355994895,309.00590705089155,-7.80288,EDV4942 ,False,False,False,7135,3985.26,4046.2200000000003,1656331319.982,1656331319.982
1656331320,a70812,43.586441298662606,-79.69711303710938,128.26482774950546,193.9247732204094,7.152640000000001,JIA5117 ,False,False,False,0546,1333.5,1333.5,1656331319.869,1656331319.997
1656331320,c1e7e7,43.66703796386719,-79.62301387343297,,,,MTC25   ,True,False,False,,,,1656331311.575,1656331312.652
1656331320,ac71e7,43.67093361030191,-79.60353306361607,50.57536614399781,226.23640760285616,0.0,AAL1746 ,False,False,False,2237,152.4,137.16,1656331319.664,1656331319.868
1656331320,c07f2e,43.68645878161414,-79.63112967354908,,,,WEN3218 ,True,False,False,3414,144.78,,1656331319.553,1656331319.691
1656331320,c01d3c,43.67633366988877,-79.61865561349049,,,,WSW748  ,True,False,False,0533,,,1656331319.365,1656331319.365
1656331320,c06973,43.946429753707626,-80.28043474469865,53.82274313450269,31.715133515097804,0.32512,CGNYG   ,False,False,False,1200,883.9200000000001,876.3000000000001,1656331318.778,1656331319.691
1656331320,c1e7e3,43.66831970214844,-79.60409120071766,,,,RED3    ,True,False,False,,,,1656331317.387,1656331317.387
1656331320,c05bd5,43.67860309148239,-79.62151663643971,,,,ACA604  ,True,False,False,3276,,,1656331314.742,1656331314.742
1656331320,c060b3,43.392791748046875,-79.13848167242003,119.52162823314869,339.06872330187485,-5.20192,POE118  ,False,False,False,4361,1455.42,1470.66,1656331319.768,1656331319.963
1656331320,a162fc,43.760500115863344,-79.0472848074777,215.03820736275588,46.260110045941715,-11.05408,N189K   ,False,False,False,6640,4122.42,4160.52,1656331319.981,1656331319.981
1656331320,c0371f,43.62199401855469,-79.88254990688586,155.8977534927153,330.9821239596826,5.8521600000000005,WJA701  ,False,False,False,2244,3299.46,3322.32,1656331319.868,1656331319.996
1656331320,c063c3,43.69221496582031,-80.17464571220927,92.65135011782233,178.09084756700364,-2.9260800000000002,CGLUG   ,False,False,False,0654,1112.52,1104.9,1656331319.869,1656331319.878
1656331330,c060b3,43.402679443359375,-79.1437193404796,118.37690678558072,339.12338153626536,-4.8768,POE118  ,False,False,False,4361,1409.7,1424.94,1656331329.684,1656331329.956
1656331330,c063c3,43.68410789360434,-80.17436436244418,92.12139385547191,178.39997528485225,-2.60096,CGLUG   ,False,False,False,0654,1089.66,1082.0400000000002,1656331329.596,1656331329.956
1656331330,c0371f,43.63453674316406,-79.89200325899344,165.04995933006433,331.51781425295957,6.502400000000001,WJA701  ,False,False,False,2244,3345.1800000000003,3368.0400000000004,1656331329.762,1656331329.986
1656331330,c05bd5,43.67817248328257,-79.62104252406527,,,,ACA604  ,True,False,False,3276,152.4,,1656331328.349,1656331329.596
1656331330,a162fc,43.773581294690146,-79.02851649693082,213.56862449443253,46.07356016388611,-11.704320000000001,N189K   ,False,False,False,6640,4008.1200000000003,4038.6000000000004,1656331329.958,1656331329.958
1656331330,c066f4,43.68161734888109,-79.61554936000277,,,,ACA402  ,True,False,False,2214,144.78,,1656331288.691,1656331326.316
1656331330,c07eda,43.873626708984375,-79.64883493822674,144.71338066513297,92.64880575945864,-11.3792,WJA520  ,False,False,False,7165,1950.72,1965.96,1656331329.958,1656331329.958
1656331330,c0636a,43.6322021484375,-79.38406808035717,52.546368854335576,251.74243692461025,-3.5763200000000004,POE532  ,False,False,False,5537,91.44,76.2,1656331329.386,1656331329.973
1656331330,a73db7,43.14056396484375,-79.72803869912786,123.81332274869965,274.289153328819,0.0,N566FF  ,False,False,False,3413,9144.0,9433.56,1656331329.933,1656331329.956
1656331330,c040c5,43.67610168457031,-79.60487365722656,,,,ROU1790 ,True,False,False,2231,,,1656331329.347,1656331329.705
1656331330,c1e7e3,43.66831970214844,-79.60410716921785,,,,RED3    ,True,False,False,,,,1656331329.763,1656331329.763
1656331330,aa395b,43.114261950476696,-79.2657034737723,194.11383960415378,277.614711942031,0.0,SKW3017 ,False,False,False,1150,10972.800000000001,11346.18,1656331329.595,1656331329.987
1656331330,c04167,43.96989208156779,-79.53441074916293,91.39311586854502,317.5093647398517,5.52704,CFYTY   ,False,False,False,6353,5768.34,5882.64,1656331329.987,1656331329.987
1656331330,78149e,43.680663028005824,-79.65058462960377,50.948140167879416,226.63657704161673,0.0,CSN5051 ,True,False,False,4153,,,1656331326.055,1656331329.823
1656331330,c1e805,43.672428131103516,-79.66143408487011,,,,MTC27   ,True,False,False,,,,1656331310.182,1656331310.182
1656331330,c1e847,43.660789489746094,-79.61455056833665,,,,BMN74   ,True,False,False,,,,1656331313.593,1656331313.593
1656331330,c01e28,43.70142532607256,-79.62445940290178,74.2654750957283,227.24574256589509,-2.60096,ACA401  ,False,False,False,1076,220.98000000000002,213.36,1656331329.708,1656331329.987
1656331330,c038ac,43.67961502075195,-79.61788798487464,,,,ACA185  ,True,False,False,,,,1656331325.26,1656331329.414
1656331330,c1e95a,43.6881812144134,-79.62288992745533,,,,SWP269  ,True,False,False,,,,1656331306.208,1656331306.208
1656331330,c1e865,43.6944465637207,-79.64085068813591,,,,SAF208  ,True,False,False,,,,1656331322.526,1656331323.588
1656331330,c08048,43.53933043399099,-79.57325526646207,164.24385068498754,92.33364642376358,22.10816,HRT119  ,False,False,False,6320,2651.76,2697.4800000000005,1656331329.958,1656331329.987
1656331330,a1094c,43.27423095703125,-79.30557605832121,146.30664355994895,309.00590705089155,-8.128,EDV4942 ,False,False,False,7135,3909.0600000000004,3962.4000000000005,1656331329.933,1656331329.956
1656331330,ac71e7,43.66703796386719,-79.60923305777612,68.77598738329918,226.51540790002213,0.32512,AAL1746 ,False,False,False,2237,137.16,137.16,1656331329.498,1656331329.498
1656331330,a6f280,43.75968933105469,-79.54063238099559,86.23192518339245,226.20859243202685,-5.52704,LXJ547  ,False,False,False,4123,731.52,716.28,1656331329.874,1656331329.973
1656331330,c01d3c,43.67584991455078,-79.61803170137625,,,,WSW748  ,True,False,False,0533,,,1656331327.345,1656331327.345
1656331330,c07f2e,43.686424255371094,-79.63061487951944,,,,WEN3218 ,True,False,False,3414,144.78,,1656331327.942,1656331328.854
1656331330,a70812,43.57502746582031,-79.69878440679503,134.41172466704325,182.63243486898648,11.05408,JIA5117 ,False,False,False,0546,1432.5600000000002,1432.5600000000002,1656331329.647,1656331329.987
1656331330,c082c8,43.694768356064614,-79.63799612862726,0.0,0.0,0.0,RAG200  ,False,False,False,6337,144.78,137.16,1656331329.823,1656331329.874
1656331330,c06973,43.95075988769531,-80.27652474336844,53.93817156793552,32.93223104134667,0.97536,CGNYG   ,False,False,False,1200,899.1600000000001,899.1600000000001,1656331329.268,1656331329.824
1656331330,c1e7e7,43.66703796386719,-79.62301387343297,,,,MTC25   ,True,False,False,,,,1656331322.003,1656331322.003
1656331340,ac71e7,43.66209411621094,-79.61645081985824,79.35455032738818,227.10165432767127,10.72896,AAL1746 ,False,False,False,2237,198.12,182.88,1656331339.764,1656331339.979
1656331340,c06973,43.95487976074219,-80.2730755473292,53.41554076029949,28.786618310014042,0.65024,CGNYG   ,False,False,False,1200,906.7800000000001,906.7800000000001,1656331339.406,1656331339.813
1656331340,c1e7e7,43.667046498444115,-79.6230043683733,,,,MTC25   ,True,False,False,,,,1656331337.232,1656331337.232
1656331340,a70812,43.562466896186436,-79.69796316964289,140.42813590876568,175.16663424328013,8.45312,JIA5117 ,False,False,False,0546,1554.48,1554.48,1656331339.698,1656331339.945
1656331340,c082c8,43.694768356064614,-79.63799612862726,0.0,0.0,0.0,RAG200  ,False,False,False,6337,144.78,137.16,1656331339.89,1656331339.89
1656331340,c01d3c,43.675123311705505,-79.6170861380441,,,,WSW748  ,True,False,False,0533,,,1656331339.136,1656331339.136
1656331340,c07f2e,43.68656352414923,-79.63000161307201,,,,WEN3218 ,True,False,False,3414,144.78,,1656331338.715,1656331338.827
1656331340,a1094c,43.282362081236755,-79.31913103376115,146.55876648398382,309.44506307986455,-7.80288,EDV4942 ,False,False,False,7135,3832.86,3893.82,1656331339.648,1656331339.978
1656331340,c08048,43.53867870266154,-79.55278669084822,167.39678917335547,92.81843978084812,19.832320000000003,HRT119  ,False,False,False,6320,2857.5,2903.22,1656331339.908,1656331339.977
1656331340,a6f280,43.75430866823358,-79.54833984375,85.4921730853118,225.73139575309756,-4.8768,LXJ547  ,False,False,False,4123,678.1800000000001,662.94,1656331339.925,1656331339.976
1656331340,c066f4,43.68161734888109,-79.61554936000279,,,,ACA402  ,True,False,False,2214,144.78,,1656331333.653,1656331337.853
1656331340,c07eda,43.87298583984375,-79.63031147801598,144.22426300582387,92.86240522611176,-12.354560000000001,WJA520  ,False,False,False,7165,1821.18,1828.8,1656331339.976,1656331339.976
1656331340,a162fc,43.78656936904131,-79.00994437081476,212.11381429851684,46.080924186660695,-11.704320000000001,N189K   ,False,False,False,6640,3901.44,3931.92,1656331339.784,1656331339.826
1656331340,c05bd5,43.67786407470703,-79.62063456690589,,,,ACA604  ,True,False,False,3276,,,1656331338.556,1656331338.556
1656331340,c0371f,43.64812301377118,-79.90206037248885,168.22397460978172,332.10272896905235,14.955520000000002,WJA701  ,False,False,False,2244,3467.1000000000004,3497.5800000000004,1656331339.979,1656331339.979
1656331340,c060b3,43.41242980957031,-79.14882926053775,118.37690678558072,339.12338153626536,-5.52704,POE118  ,False,False,False,4361,1356.3600000000001,1371.6000000000001,1656331339.551,1656331339.905
1656331340,c063c3,43.67572849079714,-80.17403738839289,92.12139385547191,178.39997528485225,-2.60096,CGLUG   ,False,False,False,0654,1066.8,1059.18,1656331339.812,1656331339.89
1656331340,c1e847,43.66216278076172,-79.61142074230106,,,,BMN74   ,True,False,False,,,,1656331338.044,1656331338.044
1656331340,c04167,43.97571111129502,-79.54180036272322,91.01443452528176,317.29061004263855,4.8768,CFYTY   ,False,False,False,6353,5821.68,5935.9800000000005,1656331339.826,1656331339.826
1656331340,c038ac,43.67961502075195,-79.61788798487464,,,,ACA185  ,True,False,False,,,,1656331334.823,1656331334.823
1656331340,c01e28,43.69683837890625,-79.6311418400254,74.24052568770198,226.68468431789628,-4.22656,ACA401  ,False,False,False,1076,182.88,175.26,1656331339.889,1656331339.978
1656331340,aa395b,43.11561196537341,-79.28989955357144,194.06066015757685,271.97493401088195,0.0,SKW3017 ,False,False,False,1150,10972.800000000001,11346.18,1656331339.812,1656331339.979
1656331340,78149e,43.68129148321636,-79.64966910226002,50.948140167879416,226.63657704161673,0.0,CSN5051 ,True,False,False,4153,144.78,,1656331336.274,1656331339.89
1656331340,c1e95a,43.68787862486758,-79.62328229631696,,,,SWP269  ,True,False,False,,,,1656331336.429,1656331336.429
1656331340,c1e805,43.672428131103516,-79.66143408487011,,,,MTC27   ,True,False,False,,,,1656331310.182,1656331310.182
1656331340,c1e865,43.6944465637207,-79.64085068813591,,,,SAF208  ,True,False,False,,,,1656331322.526,1656331323.588
1656331340,c0636a,43.631011962890625,-79.38899550327034,52.546368854335576,251.74243692461025,-4.22656,POE532  ,False,False,False,5537,60.96,45.72,1656331337.233,1656331337.91
1656331340,a73db7,43.141387939453125,-79.7431768373001,123.81332274869965,274.289153328819,0.0,N566FF  ,False,False,False,3413,9144.0,9441.18,1656331339.891,1656331339.986
1656331340,c040c5,43.67684555053711,-79.60378779921422,,,,ROU1790 ,True,False,False,2231,152.4,,1656331339.35,1656331339.698
1656331340,c1e7e3,43.66831970214844,-79.60410716921785,,,,RED3    ,True,False,False,,,,1656331329.763,1656331329.763
1656331350,c1e7e3,43.66831970214844,-79.60410716921785,,,,RED3    ,True,False,False,,,,1656331348.94,1656331348.94
1656331350,c07eda,43.872272038863876,-79.61268833705356,144.82306742721616,93.46207305613511,-13.980160000000001,WJA520  ,False,False,False,7165,1699.26,1699.26,1656331349.987,1656331349.987
1656331350,c066f4,43.681617736816406,-79.61554061534792,,,,ACA402  ,True,False,False,2214,,,1656331348.362,1656331348.362
1656331350,c01d3c,43.6744599423166,-79.61621965680803,,,,WSW748  ,True,False,False,0533,,,1656331348.923,1656331348.923
1656331350,c1e7e7,43.667046498444115,-79.6230043683733,,,,MTC25   ,True,False,False,,,,1656331337.232,1656331342.642
1656331350,c082c8,43.694768356064614,-79.63799612862726,0.0,0.0,0.0,RAG200  ,False,False,False,6337,144.78,137.16,1656331349.86,1656331349.978
1656331350,a1094c,43.29093933105469,-79.33310575263442,147.56295052425142,311.74965685466333,-7.80288,EDV4942 ,False,False,False,7135,3764.28,3817.6200000000003,1656331349.798,1656331349.987
1656331350,a70812,43.54933916512182,-79.69645908900668,144.5294688465828,175.30410380476624,6.1772800000000005,JIA5117 ,False,False,False,0546,1607.8200000000002,1607.8200000000002,1656331349.906,1656331349.987
1656331350,ac71e7,43.65724182128906,-79.62347695993822,78.21748415627361,225.79942411331754,13.004800000000001,AAL1746 ,False,False,False,2237,327.66,312.42,1656331349.694,1656331349.978
1656331350,a6f280,43.7490234375,-79.55577051916788,86.58873473739457,225.96286362563623,-4.8768,LXJ547  ,False,False,False,4123,632.46,624.84,1656331349.632,1656331349.978
1656331350,c06973,43.95937127582097,-80.26997157505582,52.70980269996966,24.81419699053515,0.65024,CGNYG   ,False,False,False,1200,914.4000000000001,914.4000000000001,1656331349.907,1656331349.979
1656331350,c07f2e,43.686505333851954,-79.62936401367188,,,,WEN3218 ,True,False,False,3414,,,1656331349.137,1656331349.137
1656331350,c08048,43.53785705566406,-79.53207326489826,172.10208684096108,93.25583177253638,14.630400000000002,HRT119  ,False,False,False,6320,3032.76,3086.1000000000004,1656331349.937,1656331349.987
1656331350,c040c5,43.67764663696289,-79.60262209870092,,,,ROU1790 ,True,False,False,2231,,,1656331349.906,1656331349.906
1656331350,c0636a,43.62935082387116,-79.39572470528736,45.39075586310235,252.1811110854772,-1.6256000000000002,POE532  ,True,False,False,5537,,,1656331349.392,1656331349.392
1656331350,a73db7,43.14216613769531,-79.75799560546875,123.26275771171827,274.0685796768454,0.0,N566FF  ,False,False,False,3413,9144.0,9441.18,1656331349.693,1656331349.937
1656331350,c05bd5,43.67746256165585,-79.62011064801897,,,,ACA604  ,True,False,False,3276,,,1656331349.789,1656331349.789
1656331350,c0371f,43.66153005826271,-79.91167340959822,170.73961580309555,332.35402463626133,14.305280000000002,WJA701  ,False,False,False,2244,3604.26,3634.7400000000002,1656331349.906,1656331349.978
1656331350,c060b3,43.4227294921875,-79.15419467659882,117.71328601170538,339.2681115079171,-4.8768,POE118  ,False,False,False,4361,1303.02,1310.6399999999999,1656331349.906,1656331349.998
1656331350,c063c3,43.66758728027344,-80.17375147619913,91.59415016042892,178.71267105847497,-2.27584,CGLUG   ,False,False,False,0654,1043.94,1036.3200000000002,1656331349.632,1656331349.906
1656331350,a162fc,43.79974365234375,-78.9911106654576,209.91899869780647,45.89362253443884,-11.05408,N189K   ,False,False,False,6640,3794.76,3817.6200000000003,1656331349.752,1656331349.979
1656331350,aa395b,43.115478515625,-79.3140074264171,194.51494319056374,268.63607246839706,-0.32512,SKW3017 ,False,False,False,1150,10980.42,11353.8,1656331349.906,1656331349.998
1656331350,78149e,43.681978128724175,-79.64867183140348,50.948140167879416,226.63657704161673,0.0,CSN5051 ,True,False,False,4153,144.78,,1656331347.053,1656331349.978
1656331350,c1e95a,43.68771569203522,-79.62339673723493,,,,SWP269  ,True,False,False,,,,1656331341.538,1656331341.538
1656331350,c1e865,43.6944465637207,-79.64085068813591,,,,SAF208  ,True,False,False,,,,1656331322.526,1656331323.588
1656331350,c038ac,43.67961502075195,-79.61788798487464,,,,ACA185  ,True,False,False,,,,1656331344.824,1656331344.824
1656331350,c1e847,43.66250765525688,-79.61064474923268,,,,BMN74   ,True,False,False,,,,1656331344.527,1656331344.527
1656331350,c1e805,43.672428131103516,-79.66143408487011,,,,MTC27   ,True,False,False,,,,1656331310.182,1656331310.182
1656331350,c01e28,43.69225453522245,-79.63779994419644,73.86706475078668,226.4109408203827,-0.97536,ACA401  ,False,False,False,1076,137.16,137.16,1656331349.689,1656331349.747
1656331350,c04167,43.98148358878443,-79.54918997628351,91.7413914859758,317.27244973278295,4.8768,CFYTY   ,False,False,False,6353,5867.400000000001,5981.700000000001,1656331349.139,1656331349.978
